{
  "lesson_info": {
    "lesson_id": "lesson_5d9a9f98",
    "title": "Data Science Workflow",
    "description": "Step-by-step process of data science projects",
    "order": 2,
    "duration_minutes": 15,
    "video_file": "",
    "transcript_file": "",
    "metadata_file": ""
  },
  "content_details": {
    "script_word_count": 737,
    "estimated_speech_duration": 368.5,
    "actual_duration_minutes": 15,
    "difficulty_level": "Advanced",
    "key_topics": [
      "these",
      "science",
      "concepts",
      "we'll",
      "practical",
      "workflow",
      "introduction",
      "today's",
      "learning",
      "we've"
    ],
    "learning_objectives": [
      "Understand the fundamental concepts and principles of Data Science Workflow",
      "Apply Data Science Workflow techniques in practical, real-world scenarios",
      "Analyze the relationship between Data Science Workflow and other topics in Introduction to Data Science",
      "Evaluate the effectiveness of different approaches to Data Science Workflow",
      "Create solutions using Data Science Workflow methodologies and best practices"
    ]
  },
  "files": {
    "video_file": "lesson_video.mp4",
    "transcript_file": "lesson_transcript.txt",
    "metadata_file": "lesson_metadata.json"
  },
  "technical_details": {
    "video_format": "MP4",
    "audio_quality": "Standard TTS",
    "file_size_estimate_mb": 30,
    "generated_at": "2025-09-06T15:31:59.869768"
  }
}