{
  "lesson_info": {
    "lesson_id": "lesson_1920e33f",
    "title": "Unsupervised Learning Methods",
    "description": "Clustering and dimensionality reduction",
    "order": 2,
    "duration_minutes": 22,
    "video_file": "",
    "transcript_file": "",
    "metadata_file": ""
  },
  "content_details": {
    "script_word_count": 730,
    "estimated_speech_duration": 365.0,
    "actual_duration_minutes": 22,
    "difficulty_level": "Advanced",
    "key_topics": [
      "learning",
      "these",
      "unsupervised",
      "concepts",
      "we'll",
      "practical",
      "methods",
      "machine",
      "today's",
      "applications."
    ],
    "learning_objectives": [
      "Understand the fundamental concepts and principles of Unsupervised Learning Methods",
      "Apply Unsupervised Learning Methods techniques in practical, real-world scenarios",
      "Analyze the relationship between Unsupervised Learning Methods and other topics in Machine Learning Applications",
      "Evaluate the effectiveness of different approaches to Unsupervised Learning Methods",
      "Create solutions using Unsupervised Learning Methods methodologies and best practices"
    ]
  },
  "files": {
    "video_file": "lesson_video.mp4",
    "transcript_file": "lesson_transcript.txt",
    "metadata_file": "lesson_metadata.json"
  },
  "technical_details": {
    "video_format": "MP4",
    "audio_quality": "Standard TTS",
    "file_size_estimate_mb": 44,
    "generated_at": "2025-09-06T14:41:26.921448"
  }
}