{
  "module_info": {
    "module_id": "mod_1018e38c",
    "module_name": "Introduction to Data Science",
    "description": "Foundation concepts and methodology in data science",
    "order": 1,
    "total_lessons": 3,
    "lessons": [
      {
        "lesson_id": "lesson_8a9ac99b",
        "title": "What is Data Science",
        "description": "Understanding the field and its applications",
        "order": 1,
        "duration_minutes": 12,
        "video_file": "Lesson_01_what_is_data_science/lesson_video.mp4",
        "transcript_file": "Lesson_01_what_is_data_science/lesson_transcript.txt",
        "metadata_file": "Lesson_01_what_is_data_science/lesson_metadata.json"
      },
      {
        "lesson_id": "lesson_e1cfd758",
        "title": "Data Science Workflow",
        "description": "Step-by-step process of data science projects",
        "order": 2,
        "duration_minutes": 15,
        "video_file": "Lesson_02_data_science_workflow/lesson_video.mp4",
        "transcript_file": "Lesson_02_data_science_workflow/lesson_transcript.txt",
        "metadata_file": "Lesson_02_data_science_workflow/lesson_metadata.json"
      },
      {
        "lesson_id": "lesson_ebca7c40",
        "title": "Tools and Environment Setup",
        "description": "Essential tools and software installation",
        "order": 3,
        "duration_minutes": 18,
        "video_file": "Lesson_03_tools_and_environment_setup/lesson_video.mp4",
        "transcript_file": "Lesson_03_tools_and_environment_setup/lesson_transcript.txt",
        "metadata_file": "Lesson_03_tools_and_environment_setup/lesson_metadata.json"
      }
    ],
    "total_duration_minutes": 45
  },
  "generated_at": "2025-09-06T14:40:32.946418",
  "file_structure": {
    "total_lessons": 3,
    "media_files": [
      "Lesson_01/lesson_video.mp4",
      "Lesson_02/lesson_video.mp4",
      "Lesson_03/lesson_video.mp4"
    ],
    "transcript_files": [
      "Lesson_01/lesson_transcript.txt",
      "Lesson_02/lesson_transcript.txt",
      "Lesson_03/lesson_transcript.txt"
    ],
    "metadata_files": [
      "Lesson_01/lesson_metadata.json",
      "Lesson_02/lesson_metadata.json",
      "Lesson_03/lesson_metadata.json"
    ]
  }
}