{
  "lesson_info": {
    "lesson_id": "lesson_2b49a628",
    "title": "Supervised Learning Overview",
    "description": "Classification and regression techniques",
    "order": 1,
    "duration_minutes": 25,
    "video_file": "",
    "transcript_file": "",
    "metadata_file": ""
  },
  "content_details": {
    "script_word_count": 730,
    "estimated_speech_duration": 365.0,
    "actual_duration_minutes": 25,
    "difficulty_level": "Advanced",
    "key_topics": [
      "learning",
      "these",
      "supervised",
      "concepts",
      "we'll",
      "practical",
      "overview",
      "machine",
      "today's",
      "applications."
    ],
    "learning_objectives": [
      "Understand the fundamental concepts and principles of Supervised Learning Overview",
      "Apply Supervised Learning Overview techniques in practical, real-world scenarios",
      "Analyze the relationship between Supervised Learning Overview and other topics in Machine Learning Applications",
      "Evaluate the effectiveness of different approaches to Supervised Learning Overview",
      "Create solutions using Supervised Learning Overview methodologies and best practices"
    ]
  },
  "files": {
    "video_file": "lesson_video.mp4",
    "transcript_file": "lesson_transcript.txt",
    "metadata_file": "lesson_metadata.json"
  },
  "technical_details": {
    "video_format": "MP4",
    "audio_quality": "Standard TTS",
    "file_size_estimate_mb": 50,
    "generated_at": "2025-09-06T14:41:19.652243"
  }
}