{
  "course_id": "course_1d26f065",
  "course_name": "Complete Data Science Masterclass",
  "topic": "Data Science",
  "description": "Comprehensive data science course from basics to advanced machine learning",
  "difficulty": "intermediate",
  "estimated_hours": 45,
  "instructor": "Dr. Sarah Chen",
  "category": "Technology & Analytics",
  "created_at": "2025-09-06T14:40:16.987361",
  "total_modules": 4,
  "modules": [
    {
      "module_id": "mod_1018e38c",
      "module_name": "Introduction to Data Science",
      "description": "Foundation concepts and methodology in data science",
      "order": 1,
      "total_lessons": 3,
      "lessons": [
        {
          "lesson_id": "lesson_8a9ac99b",
          "title": "What is Data Science",
          "description": "Understanding the field and its applications",
          "order": 1,
          "duration_minutes": 12,
          "video_file": "Lesson_01_what_is_data_science/lesson_video.mp4",
          "transcript_file": "Lesson_01_what_is_data_science/lesson_transcript.txt",
          "metadata_file": "Lesson_01_what_is_data_science/lesson_metadata.json"
        },
        {
          "lesson_id": "lesson_e1cfd758",
          "title": "Data Science Workflow",
          "description": "Step-by-step process of data science projects",
          "order": 2,
          "duration_minutes": 15,
          "video_file": "Lesson_02_data_science_workflow/lesson_video.mp4",
          "transcript_file": "Lesson_02_data_science_workflow/lesson_transcript.txt",
          "metadata_file": "Lesson_02_data_science_workflow/lesson_metadata.json"
        },
        {
          "lesson_id": "lesson_ebca7c40",
          "title": "Tools and Environment Setup",
          "description": "Essential tools and software installation",
          "order": 3,
          "duration_minutes": 18,
          "video_file": "Lesson_03_tools_and_environment_setup/lesson_video.mp4",
          "transcript_file": "Lesson_03_tools_and_environment_setup/lesson_transcript.txt",
          "metadata_file": "Lesson_03_tools_and_environment_setup/lesson_metadata.json"
        }
      ],
      "total_duration_minutes": 45
    },
    {
      "module_id": "mod_ae7061b6",
      "module_name": "Python Programming Fundamentals",
      "description": "Essential Python skills for data analysis",
      "order": 2,
      "total_lessons": 3,
      "lessons": [
        {
          "lesson_id": "lesson_6ce39a25",
          "title": "Python Basics for Data Science",
          "description": "Variables, data types, and basic operations",
          "order": 1,
          "duration_minutes": 20,
          "video_file": "Lesson_01_python_basics_for_data_science/lesson_video.mp4",
          "transcript_file": "Lesson_01_python_basics_for_data_science/lesson_transcript.txt",
          "metadata_file": "Lesson_01_python_basics_for_data_science/lesson_metadata.json"
        },
        {
          "lesson_id": "lesson_dc486630",
          "title": "Working with NumPy Arrays",
          "description": "Numerical computing with NumPy library",
          "order": 2,
          "duration_minutes": 25,
          "video_file": "Lesson_02_working_with_numpy_arrays/lesson_video.mp4",
          "transcript_file": "Lesson_02_working_with_numpy_arrays/lesson_transcript.txt",
          "metadata_file": "Lesson_02_working_with_numpy_arrays/lesson_metadata.json"
        },
        {
          "lesson_id": "lesson_4dbe3a0b",
          "title": "Pandas DataFrame Operations",
          "description": "Data manipulation with Pandas",
          "order": 3,
          "duration_minutes": 30,
          "video_file": "Lesson_03_pandas_dataframe_operations/lesson_video.mp4",
          "transcript_file": "Lesson_03_pandas_dataframe_operations/lesson_transcript.txt",
          "metadata_file": "Lesson_03_pandas_dataframe_operations/lesson_metadata.json"
        }
      ],
      "total_duration_minutes": 75
    },
    {
      "module_id": "mod_2d6c2b37",
      "module_name": "Statistical Analysis and Visualization",
      "description": "Statistical methods and data visualization techniques",
      "order": 3,
      "total_lessons": 3,
      "lessons": [
        {
          "lesson_id": "lesson_69b9914a",
          "title": "Descriptive Statistics",
          "description": "Measures of central tendency and spread",
          "order": 1,
          "duration_minutes": 18,
          "video_file": "Lesson_01_descriptive_statistics/lesson_video.mp4",
          "transcript_file": "Lesson_01_descriptive_statistics/lesson_transcript.txt",
          "metadata_file": "Lesson_01_descriptive_statistics/lesson_metadata.json"
        },
        {
          "lesson_id": "lesson_3ef2aec6",
          "title": "Data Visualization with Matplotlib",
          "description": "Creating effective charts and graphs",
          "order": 2,
          "duration_minutes": 22,
          "video_file": "Lesson_02_data_visualization_with_matplotlib/lesson_video.mp4",
          "transcript_file": "Lesson_02_data_visualization_with_matplotlib/lesson_transcript.txt",
          "metadata_file": "Lesson_02_data_visualization_with_matplotlib/lesson_metadata.json"
        },
        {
          "lesson_id": "lesson_1979b1ed",
          "title": "Advanced Plotting with Seaborn",
          "description": "Statistical visualizations and styling",
          "order": 3,
          "duration_minutes": 20,
          "video_file": "Lesson_03_advanced_plotting_with_seaborn/lesson_video.mp4",
          "transcript_file": "Lesson_03_advanced_plotting_with_seaborn/lesson_transcript.txt",
          "metadata_file": "Lesson_03_advanced_plotting_with_seaborn/lesson_metadata.json"
        }
      ],
      "total_duration_minutes": 60
    },
    {
      "module_id": "mod_c3698650",
      "module_name": "Machine Learning Applications",
      "description": "Introduction to machine learning algorithms and applications",
      "order": 4,
      "total_lessons": 3,
      "lessons": [
        {
          "lesson_id": "lesson_2b49a628",
          "title": "Supervised Learning Overview",
          "description": "Classification and regression techniques",
          "order": 1,
          "duration_minutes": 25,
          "video_file": "Lesson_01_supervised_learning_overview/lesson_video.mp4",
          "transcript_file": "Lesson_01_supervised_learning_overview/lesson_transcript.txt",
          "metadata_file": "Lesson_01_supervised_learning_overview/lesson_metadata.json"
        },
        {
          "lesson_id": "lesson_1920e33f",
          "title": "Unsupervised Learning Methods",
          "description": "Clustering and dimensionality reduction",
          "order": 2,
          "duration_minutes": 22,
          "video_file": "Lesson_02_unsupervised_learning_methods/lesson_video.mp4",
          "transcript_file": "Lesson_02_unsupervised_learning_methods/lesson_transcript.txt",
          "metadata_file": "Lesson_02_unsupervised_learning_methods/lesson_metadata.json"
        },
        {
          "lesson_id": "lesson_71c352c4",
          "title": "Model Evaluation and Validation",
          "description": "Assessing model performance and avoiding overfitting",
          "order": 3,
          "duration_minutes": 28,
          "video_file": "Lesson_03_model_evaluation_and_validation/lesson_video.mp4",
          "transcript_file": "Lesson_03_model_evaluation_and_validation/lesson_transcript.txt",
          "metadata_file": "Lesson_03_model_evaluation_and_validation/lesson_metadata.json"
        }
      ],
      "total_duration_minutes": 75
    }
  ]
}